Site Number,Site,Spp,S105,S205,S305,S405,S106,S206,S306,S406,S107,S207,S307,S407,S108,S208,S308,S408,S109,S209,S309,S409,S110,S210,S310,S410,S111,S211,S311,S411,S112,S212,S312,S412,S113,S213,S313,S413,S114,S214,S314,S414,S115,S215,S315,S415,S116,S216,S316,S416,S117,S217,S317,S417,S118,S218,S318,S418,TimeAS105,TimeAS205,TimeAS305,TimeAS405,TimeAS106,TimeAS206,TimeAS306,TimeAS406,TimeAS107,TimeAS207,TimeAS307,TimeAS407,TimeAS108,TimeAS208,TimeAS308,TimeAS408,TimeAS109,TimeAS209,TimeAS309,TimeAS409,TimeAS110,TimeAS210,TimeAS310,TimeAS410,TimeAS111,TimeAS211,TimeAS311,TimeAS411,TimeAS112,TimeAS212,TimeAS312,TimeAS412,TimeAS113,TimeAS213,TimeAS313,TimeAS413,TimeAS114,TimeAS214,TimeAS314,TimeAS414,TimeAS115,TimeAS215,TimeAS315,TimeAS415,TimeAS116,TimeAS216,TimeAS316,TimeAS416,TimeAS117,TimeAS217,TimeAS317,TimeAS417,TimeAS118,TimeAS218,TimeAS318,TimeAS418,Temp105,Temp205,Temp305,Temp405,Temp106,Temp206,Temp306,Temp406,Temp107,Temp207,Temp307,Temp407,Temp108,Temp208,Temp308,Temp408,Temp109,Temp209,Temp309,Temp409,Temp110,Temp210,Temp310,Temp410,Temp111,Temp211,Temp311,Temp411,Temp112,Temp212,Temp312,Temp412,Temp113,Temp213,Temp313,Temp413,Temp114,Temp214,Temp314,Temp414,Temp115,Temp215,Temp315,Temp415,Temp116,Temp216,Temp316,Temp416,Temp117,Temp217,Temp317,Temp417,Temp118,Temp218,Temp318,Temp418,Sky105,Sky205,Sky305,Sky405,Sky106,Sky206,Sky306,Sky406,Sky107,Sky207,Sky307,Sky407,Sky108,Sky208,Sky308,Sky408,Sky109,Sky209,Sky309,Sky409,Sky110,Sky210,Sky310,Sky410,Sky111,Sky211,Sky311,Sky411,Sky112,Sky212,Sky312,Sky412,Sky113,Sky213,Sky313,Sky413,Sky114,Sky214,Sky314,Sky414,Sky115,Sky215,Sky315,Sky415,Sky116,Sky216,Sky316,Sky416,Sky117,Sky217,Sky317,Sky417,Sky118,Sky218,Sky318,Sky418,Beaver,WSCreek,WSManMade,WSPond/Wetland,WSEphemeralPond,WSOriginUnknown,DistNearRoad,DistNearDevelop,DistNearWetland,Coordinates of Site,Date105,Date205,Date305,Date405,Date106,Date206,Date306,Date406,Date107,Date207,Date307,Date407,Date108,Date208,Date308,Date408,Date109,Date209,Date309,Date409,Date110,Date210,Date310,Date410,Date111,Date211,Date311,Date411,Date112,Date212,Date312,Date412,Date113,Date213,Date313,Date413,Date114,Date214,Date314,Date414,Date115,Date215,Date315,Date415,Date116,Date216,Date316,Date416,Date117,Date217,Date317,Date417,Date118,Date218,Date318,Date418,Date119,Date219,Date105,Date205,Date305,Date405,Date106,Date206,Date306,Date406,Date107,Date207,Date307,Date407,Date108,Date208,Date308,Date408,Date109,Date209,Date309,Date409,Date110,Date210,Date310,Date410,Date111,Date211,Date311,Date411,Date112,Date212,Date312,Date412,Date113,Date213,Date313,Date413,Date114,Date214,Date314,Date414,Date115,Date215,Date315,Date415,Date116,Date216,Date316,Date416,Date117,Date217,Date317,Date417,Date118,Date218,Date318,Date418
1,Rt91Site1,American Toad,0,3,0,0,1,0,0,0,2,1,0,0,0,0,0,0,0,0,0,0,0,0,0,0,0,2,0,1,0,0,0,0,0,0,0,0,0,1,0,0,0,0,0,0,0,0,0,0,1,0,0,0,0,0,0,0,43,38,30,5,22,26,33,29,53,37,43,46,37,44,22,22,76,17,21,55,33,21,32,62,34,35,45,29,46,24,31,39,39,33,21,27,40,32,41,48,49,30,46,37,44,27,32,29,33,49,33,29,32,31,32,29,58,62,63,77,58,57,65,78,60,65,65,69,58,65,57,63,50,74,57,70,48,59,62,80,64,60,67,73,52,56,78,65,48,60,65,64,62,62,69,75,52,54,56,69,57,65,64,72,65,69,62,76,56,51,71,72,1,1,1,1,1,1,2,1,3,1,1,2,2,1,2,2,1,1,1,1,1,4,2,2,2,2,4,2,1,2,1,1,2,2,2,1,2,1,1,1,1,2,1,2,1,2,2,1,2,1,2,4,4,4,4,2,0,1,0,0,0,0,12.42,12.42,276.6,"39.407067, -82.184325",30-Mar,19-Apr,18-May,20-Jun,31-Mar,19-Apr,24-May,28-Jun,26-Mar,24-Apr,23-May,21-Jun,31-Mar,24-Apr,27-May,30-Jun,17-Mar,24-Apr,19-May,22-Jun,18-Mar,22-Apr,18-May,23-Jun,21-Mar,26-Apr,26-May,30-Jun,27-Mar,25-Apr,24-May,25-Jun,29-Mar,23-Apr,21-May,19-Jun,21-Mar,21-Apr,22-May,17-Jun,21-Mar,21-Apr,13-May,17-Jun,16-Mar,19-Apr,18-May,21-Jun,27-Mar,18-Apr,22-May,22-Jun,28-Mar,24-Apr,14-May,27-Jun,24-Mar,17-Apr,March,April,May,June,March,April,May,June,March,April,May,June,March,April,May,June,March,April,May,June,March,April,May,June,March,April,May,June,March,April,May,June,March,April,May,June,March,April,May,June,March,April,May,June,March,April,May,June,March,April,May,June,March,April,May,June
2,Rt91Site2,American Toad,0,3,0,0,1,0,0,0,3,1,0,0,0,0,0,0,0,1,0,0,0,0,0,0,0,2,0,0,0,0,0,0,0,0,0,0,0,0,0,0,0,1,0,0,0,3,0,0,0,0,0,0,0,0,0,0,58,48,37,17,29,35,45,37,68,47,54,55,48,53,27,33,84,22,32,77,48,29,40,71,43,44,49,35,61,36,46,41,50,48,34,35,53,43,48,58,70,41,58,48,57,36,40,38,44,60,46,38,48,43,41,41,58,60,59,76,58,57,66,64,60,68,64,69,56,62,57,63,45,61,57,71,48,59,61,78,60,60,66,70,52,53,68,65,48,54,66,64,52,61,63,75,51,54,47,69,58,56,56,66,58,62,57,77,58,56,69,72,1,1,1,1,1,1,2,1,3,1,1,2,2,1,2,2,1,1,1,1,1,2,2,1,1,1,4,1,1,4,1,1,2,2,2,1,2,1,1,1,1,2,1,4,1,2,2,1,2,1,2,4,4,4,2,2,0,1,1,0,1,0,4.57,4.57,145.2,"39.401715, -82.195399",30-Mar,19-Apr,18-May,20-Jun,31-Mar,19-Apr,24-May,28-Jun,26-Mar,24-Apr,23-May,21-Jun,31-Mar,24-Apr,27-May,30-Jun,17-Mar,24-Apr,19-May,22-Jun,18-Mar,22-Apr,18-May,23-Jun,21-Mar,26-Apr,26-May,30-Jun,27-Mar,25-Apr,24-May,25-Jun,29-Mar,23-Apr,21-May,19-Jun,21-Mar,21-Apr,22-May,17-Jun,21-Mar,21-Apr,13-May,17-Jun,16-Mar,19-Apr,18-May,21-Jun,27-Mar,18-Apr,22-May,22-Jun,28-Mar,24-Apr,14-May,27-Jun,24-Mar,17-Apr,March,April,May,June,March,April,May,June,March,April,May,June,March,April,May,June,March,April,May,June,March,April,May,June,March,April,May,June,March,April,May,June,March,April,May,June,March,April,May,June,March,April,May,June,March,April,May,June,March,April,May,June,March,April,May,June
3,Rt91Site3,American Toad,0,3,0,0,1,0,0,0,3,2,0,0,2,0,0,0,0,1,0,0,0,0,1,0,1,1,0,0,0,0,0,0,0,0,1,0,0,2,0,0,0,0,0,0,0,0,0,0,0,0,0,0,0,0,0,0,72,58,54,30,42,47,56,48,80,59,69,71,60,65,43,42,97,37,45,103,61,50,60,84,54,56,63,44,76,50,61,54,62,61,48,47,68,59,67,67,87,56,74,59,69,49,56,53,57,70,55,54,61,62,56,54,55,60,58,75,58,56,64,65,56,60,64,70,54,57,59,63,45,63,52,67,45,56,62,78,60,59,67,69,47,50,67,65,42,54,64,63,51,61,64,74,51,53,48,68,49,64,56,68,58,63,55,72,60,51,70,72,1,1,1,1,1,1,4,1,3,1,1,2,2,1,2,4,1,1,1,1,1,2,2,1,4,1,2,1,1,4,1,1,1,2,2,1,2,1,2,1,1,2,1,4,1,2,2,1,2,1,2,4,4,4,2,2,0,0,0,0,0,1,6.77,6.77,37.86,"39.414998, -82.199365",30-Mar,19-Apr,18-May,20-Jun,31-Mar,19-Apr,24-May,28-Jun,26-Mar,24-Apr,23-May,21-Jun,31-Mar,24-Apr,27-May,30-Jun,17-Mar,24-Apr,19-May,22-Jun,18-Mar,22-Apr,18-May,23-Jun,21-Mar,26-Apr,26-May,30-Jun,27-Mar,25-Apr,24-May,25-Jun,29-Mar,23-Apr,21-May,19-Jun,21-Mar,21-Apr,22-May,17-Jun,21-Mar,21-Apr,13-May,17-Jun,16-Mar,19-Apr,18-May,21-Jun,27-Mar,18-Apr,22-May,22-Jun,28-Mar,24-Apr,14-May,27-Jun,24-Mar,17-Apr,March,April,May,June,March,April,May,June,March,April,May,June,March,April,May,June,March,April,May,June,March,April,May,June,March,April,May,June,March,April,May,June,March,April,May,June,March,April,May,June,March,April,May,June,March,April,May,June,March,April,May,June,March,April,May,June
4,Rt91Site4,American Toad,0,3,0,0,1,0,0,0,0,3,0,0,0,0,0,0,0,1,0,0,0,0,1,0,1,2,0,0,0,0,0,0,0,1,0,0,0,0,0,0,0,0,0,0,0,0,0,0,0,0,0,0,0,0,0,0,85,71,75,46,67,59,74,61,98,71,84,85,76,77,56,54,108,49,68,113,79,57,73,98,66,67,75,55,86,63,71,62,76,77,61,55,84,71,82,79,102,69,89,74,86,62,68,64,71,83,75,66,74,79,71,69,54,60,59,68,58,56,63,63.5,60,58,65,68,54,58,58,64,43,63,52,66,44,54,61,76,60,59,65,66,48,52,65,65,40,54,64,63,50,59,66,73,50,53,55,70,48,62,53,68,57,63,55,72,59,51,69,73,1,1,1,1,1,1,4,1,3,1,1,2,2,2,2,4,1,1,1,1,1,2,2,1,2,1,2,1,1,2,1,1,1,2,2,1,2,1,1,1,1,2,1,2,1,2,2,1,2,1,2,4,4,4,2,4,1,1,0,1,0,0,21.66,21.66,25.55,"39.429258, -82.216279",30-Mar,19-Apr,18-May,20-Jun,31-Mar,19-Apr,24-May,28-Jun,26-Mar,24-Apr,23-May,21-Jun,31-Mar,24-Apr,27-May,30-Jun,17-Mar,24-Apr,19-May,22-Jun,18-Mar,22-Apr,18-May,23-Jun,21-Mar,26-Apr,26-May,30-Jun,27-Mar,25-Apr,24-May,25-Jun,29-Mar,23-Apr,21-May,19-Jun,21-Mar,21-Apr,22-May,17-Jun,21-Mar,21-Apr,13-May,17-Jun,16-Mar,19-Apr,18-May,21-Jun,27-Mar,18-Apr,22-May,22-Jun,28-Mar,24-Apr,14-May,27-Jun,24-Mar,17-Apr,March,April,May,June,March,April,May,June,March,April,May,June,March,April,May,June,March,April,May,June,March,April,May,June,March,April,May,June,March,April,May,June,March,April,May,June,March,April,May,June,March,April,May,June,March,April,May,June,March,April,May,June,March,April,May,June
5,Rt91Site5,American Toad,0,3,0,0,0,0,0,0,3,3,0,0,0,2,0,0,0,1,0,0,0,0,0,0,0,2,0,0,0,0,0,0,0,0,1,0,0,1,0,0,0,0,0,1,0,1,0,0,3,0,0,0,0,0,0,0,101,85,95,66,92,87,90,76,118,85,101,100,100,94,75,70,126,75,83,130,98,74,92,117,78,85,92,70,106,84,91,74,94,101,81,67,103,93,98,100,116,87,109,91,106,82,86,82,87,101,92,83,97,100,91,109,51,56,55,67,58,52,61,62,56,61,62,65,56,59,51,63,40,59,49,65,40,52,60,75,59,58,65,67,43,52,65,65,40,52,64,58,49,60,59,70,48,54,49,70,48,64,53,60,55,63,51,74,58,55,67,69,1,1,1,2,1,1,1,2,3,1,1,2,2,2,2,2,1,1,1,1,1,2,2,1,4,1,2,1,1,4,1,1,1,2,2,1,2,1,2,1,1,2,1,2,1,2,2,1,2,1,2,4,4,4,2,4,0,0,1,0,0,0,133.55,133.55,623.59,"39.415211, -82.261383",30-Mar,19-Apr,18-May,20-Jun,31-Mar,19-Apr,24-May,28-Jun,26-Mar,24-Apr,23-May,21-Jun,31-Mar,24-Apr,27-May,30-Jun,17-Mar,24-Apr,19-May,22-Jun,18-Mar,22-Apr,18-May,23-Jun,21-Mar,26-Apr,26-May,30-Jun,27-Mar,25-Apr,24-May,25-Jun,29-Mar,23-Apr,21-May,19-Jun,21-Mar,21-Apr,22-May,17-Jun,21-Mar,21-Apr,13-May,17-Jun,16-Mar,19-Apr,18-May,21-Jun,27-Mar,18-Apr,22-May,22-Jun,28-Mar,24-Apr,14-May,27-Jun,24-Mar,17-Apr,March,April,May,June,March,April,May,June,March,April,May,June,March,April,May,June,March,April,May,June,March,April,May,June,March,April,May,June,March,April,May,June,March,April,May,June,March,April,May,June,March,April,May,June,March,April,May,June,March,April,May,June,March,April,May,June
6,Rt91Site6,American Toad,0,3,0,0,0,0,0,0,0,3,0,0,0,3,0,0,0,1,0,0,0,0,0,1,0,0,0,0,0,0,0,0,0,1,0,0,0,1,0,0,0,0,0,0,0,1,0,0,3,0,0,0,0,0,0,0,112,98,108,77,106,99,102,89,131,102,118,112,115,110,91,81,139,92,99,150,111,86,102,137,98,98,107,84,118,100,111,98,109,125,96,80,120,105,111,116,129,99,125,107,122,93,103,98,109,116,119,101,114,116,109,127,50,60,54,71,59,54,60,65,60,60,62,68,55,58,56,62,43,61,49,65,39,55,60,75,59,59,65,66,43,50,64,64,40,54,64,58,50,60,64,71,50,55,48,69,49,57,54,61,56,66,55,72,60,57,67,71,1,1,1,2,1,1,1,2,3,1,1,2,2,1,4,2,1,1,1,1,1,1,2,1,4,1,2,1,1,2,1,1,1,2,2,1,2,1,2,1,1,2,1,2,1,2,2,1,2,1,2,4,2,2,2,4,1,1,0,1,0,0,209.91,209.91,697.63,"39.433951, -82.264695",30-Mar,19-Apr,18-May,20-Jun,31-Mar,19-Apr,24-May,28-Jun,26-Mar,24-Apr,23-May,21-Jun,31-Mar,24-Apr,27-May,30-Jun,17-Mar,24-Apr,19-May,22-Jun,18-Mar,22-Apr,18-May,23-Jun,21-Mar,26-Apr,26-May,30-Jun,27-Mar,25-Apr,24-May,25-Jun,29-Mar,23-Apr,21-May,19-Jun,21-Mar,21-Apr,22-May,17-Jun,21-Mar,21-Apr,13-May,17-Jun,16-Mar,19-Apr,18-May,21-Jun,27-Mar,18-Apr,22-May,22-Jun,28-Mar,24-Apr,14-May,27-Jun,24-Mar,17-Apr,March,April,May,June,March,April,May,June,March,April,May,June,March,April,May,June,March,April,May,June,March,April,May,June,March,April,May,June,March,April,May,June,March,April,May,June,March,April,May,June,March,April,May,June,March,April,May,June,March,April,May,June,March,April,May,June
7,Rt91Site7,American Toad,0,3,0,0,0,3,0,0,2,3,0,0,0,0,0,0,0,1,0,0,0,0,0,0,0,0,0,0,0,0,0,0,0,0,0,0,0,0,0,0,0,0,0,0,0,1,0,0,0,0,0,0,0,0,0,0,124,112,119,90,117,118,113,100,143,114,134,124,130,129,104,92,151,105,115,167,125,104,117,152,107,108,120,97,131,116,121,100,123,137,111,87,133,124,125,137,147,110,137,126,135,112,115,109,120,127,119,113,129,127,124,138,51,60,57,68,59,54,64,65,58,62,62,68,52,59,55,62,44,68,51,65,47,54,59,75,60,59,64,66,45,50,65,62,40,54,67,58,48,60,62,71,46,54,50,68,49,57,51,63,56,62,53,72,57,55,68,70,1,1,1,2,1,1,1,2,3,1,1,2,2,1,4,2,1,1,1,1,1,1,2,1,4,1,2,1,1,4,1,1,1,2,2,1,2,1,2,1,1,2,1,4,1,2,2,1,2,1,2,4,2,2,2,4,1,1,1,1,0,0,5.06,5.06,293.58,"39.448350, -82.248599",30-Mar,19-Apr,18-May,20-Jun,31-Mar,19-Apr,24-May,28-Jun,26-Mar,24-Apr,23-May,21-Jun,31-Mar,24-Apr,27-May,30-Jun,17-Mar,24-Apr,19-May,22-Jun,18-Mar,22-Apr,18-May,23-Jun,21-Mar,26-Apr,26-May,30-Jun,27-Mar,25-Apr,24-May,25-Jun,29-Mar,23-Apr,21-May,19-Jun,21-Mar,21-Apr,22-May,17-Jun,21-Mar,21-Apr,13-May,17-Jun,16-Mar,19-Apr,18-May,21-Jun,27-Mar,18-Apr,22-May,22-Jun,28-Mar,24-Apr,14-May,27-Jun,24-Mar,17-Apr,March,April,May,June,March,April,May,June,March,April,May,June,March,April,May,June,March,April,May,June,March,April,May,June,March,April,May,June,March,April,May,June,March,April,May,June,March,April,May,June,March,April,May,June,March,April,May,June,March,April,May,June,March,April,May,June
8,Rt91Site8,American Toad,0,0,0,0,0,0,0,0,0,3,0,0,0,0,0,0,0,3,0,0,0,0,0,0,0,1,0,0,0,0,0,0,0,0,0,0,0,0,0,0,0,0,0,0,0,1,0,0,0,0,0,0,0,0,0,0,154,143,135,105,134,130,67,113,159,127,144,137,146,145,119,109,170,129,74,183,141,121,134,167,118,121,130,110,146,129,141,139,136,157,130,92,150,138,145,165,163,126,152,141,149,125,128,125,135,144,142,127,145,144,142,154,61,59.5,54,71,58,54,57,65,62,62,65,71,52,61,60,61,46,64,54,65,45,55,62,79,61,59,65,66,50,53,70,62,42,60,64,59,53,60,64,72,49,52,55,69,52,61,51,70,63,71,54,72,57,54,68,69,1,1,1,2,1,1,2,4,3,1,1,2,1,1,4,2,1,1,1,1,1,1,2,1,4,1,2,1,1,4,1,1,1,2,2,1,2,1,2,1,1,2,1,4,1,2,2,1,2,2,2,4,2,2,2,2,0,0,1,0,0,0,21.99,6.48,607.28,"39.445599, -82.221862",30-Mar,19-Apr,18-May,20-Jun,31-Mar,19-Apr,24-May,28-Jun,26-Mar,24-Apr,23-May,21-Jun,31-Mar,24-Apr,27-May,30-Jun,17-Mar,24-Apr,19-May,22-Jun,18-Mar,22-Apr,18-May,23-Jun,21-Mar,26-Apr,26-May,30-Jun,27-Mar,25-Apr,24-May,25-Jun,29-Mar,23-Apr,21-May,19-Jun,21-Mar,21-Apr,22-May,17-Jun,21-Mar,21-Apr,13-May,17-Jun,16-Mar,19-Apr,18-May,21-Jun,27-Mar,18-Apr,22-May,22-Jun,28-Mar,24-Apr,14-May,27-Jun,24-Mar,17-Apr,March,April,May,June,March,April,May,June,March,April,May,June,March,April,May,June,March,April,May,June,March,April,May,June,March,April,May,June,March,April,May,June,March,April,May,June,March,April,May,June,March,April,May,June,March,April,May,June,March,April,May,June,March,April,May,June
9,Rt91Site9,American Toad,0,3,0,0,0,0,0,0,0,3,0,0,0,3,0,0,0,0,0,,0,0,0,0,1,2,0,0,0,0,0,0,0,0,0,0,0,0,0,0,1,0,0,0,0,0,0,0,,0,0,0,0,0,0,0,157,147,148,124,152,147,82,134,179,141,167,138,162,157,134,128,186,146,89,,160,145,150,182,132,138,146,124,166,150,156,132,142,175,149,106,166,150,163,182,178,140,165,158,165,141,141,138,,155,158,144,169,158,162,178,51,59,52,71,57,54,60,64,55,56,60,67,53,56,56,60,42,58,55,,42,49,59,75,63,57,64,66,45,51,64,57,43,54,66,58,50,59,60,71,48,53,49,69,49,56,52,63,,64,55,72,57,54,62,73,1,1,1,1,1,1,1,4,3,1,1,2,1,1,4,2,1,1,1,,1,1,2,1,4,1,2,1,1,4,1,1,1,2,2,1,2,1,2,1,1,2,1,4,2,2,2,1,,2,2,4,4,2,4,4,1,1,0,1,0,0,21.14,21.14,265.94,"39.450249, -82.188765",30-Mar,19-Apr,18-May,20-Jun,31-Mar,19-Apr,24-May,28-Jun,26-Mar,24-Apr,23-May,21-Jun,31-Mar,24-Apr,27-May,30-Jun,17-Mar,24-Apr,19-May,,18-Mar,22-Apr,18-May,23-Jun,21-Mar,26-Apr,26-May,30-Jun,27-Mar,25-Apr,24-May,25-Jun,29-Mar,23-Apr,21-May,19-Jun,21-Mar,21-Apr,22-May,17-Jun,21-Mar,21-Apr,13-May,17-Jun,16-Mar,19-Apr,18-May,21-Jun,,18-Apr,22-May,22-Jun,28-Mar,24-Apr,14-May,27-Jun,24-Mar,17-Apr,March,April,May,June,March,April,May,June,March,April,May,June,March,April,May,June,March,April,May,,March,April,May,June,March,April,May,June,March,April,May,June,March,April,May,June,March,April,May,June,March,April,May,June,March,April,May,June,,April,May,June,March,April,May,June
10,Rt91Site10,American Toad,0,0,0,0,0,0,0,0,0,3,1,0,1,3,0,0,0,3,0,0,0,0,0,0,1,0,0,0,0,0,0,0,0,0,0,0,0,0,0,0,0,0,0,0,0,1,0,0,1,1,0,0,0,0,0,0,171,168,169,137,166,156,92,143,197,151,184,139,177,170,147,139,205,160,71,203,175,159,163,195,142,153,157,133,178,168,176,154,150,188,167,129,179,161,171,191,197,156,176,168,174,154,158,152,151,170,171,157,186,177,181,197,50,56,55,66,57,54,60,65,57,61,63,68,50,54,55,61,42,69,52,65,40,50,59,79,59,58,65,64,50,52,64,57,40,55,64,59,43,58,60,70,48,53,48,69,49,56,53,62,60,64,54,72,60,56,69,70,1,1,1,1,3,1,1,4,3,1,1,2,1,1,4,2,1,1,1,1,1,1,2,1,2,1,2,1,1,4,1,1,1,2,2,1,2,1,2,1,1,2,1,4,2,2,2,1,2,2,2,4,2,2,2,2,0,0,1,0,0,0,6.49,6.49,15.8,"39.441400, -82.191519",30-Mar,19-Apr,18-May,20-Jun,31-Mar,19-Apr,24-May,28-Jun,26-Mar,24-Apr,23-May,21-Jun,31-Mar,24-Apr,27-May,30-Jun,17-Mar,24-Apr,19-May,22-Jun,18-Mar,22-Apr,18-May,23-Jun,21-Mar,26-Apr,26-May,30-Jun,27-Mar,25-Apr,24-May,25-Jun,29-Mar,23-Apr,21-May,19-Jun,21-Mar,21-Apr,22-May,17-Jun,21-Mar,21-Apr,13-May,17-Jun,16-Mar,19-Apr,18-May,21-Jun,27-Mar,18-Apr,22-May,22-Jun,28-Mar,24-Apr,14-May,27-Jun,24-Mar,17-Apr,March,April,May,June,March,April,May,June,March,April,May,June,March,April,May,June,March,April,May,June,March,April,May,June,March,April,May,June,March,April,May,June,March,April,May,June,March,April,May,June,March,April,May,June,March,April,May,June,March,April,May,June,March,April,May,June
11,Rt104Site1,American Toad,3,,0,0,0,0,0,0,2,2,0,0,0,0,0,0,0,1,0,0,0,0,0,0,0,0,0,0,0,0,0,0,0,1,0,0,0,0,0,0,0,0,0,0,0,0,0,0,1,0,0,0,0,0,0,0,134,,47,22,29,40,46,44,43,33,47,89,27,57,22,26,65,37,40,59,51,35,85,62,41,35,41,24,56,23,31,43,47,48,24,34,39,38,36,46,44,37,44,46,60,31,40,42,36,51,34,25,39,32,30,32,61,,65,68,53,56,61,62,75,59,66,75,59,59,55,60,44,68,50,70,44,59,61,77,59,59,65,74,48,50,68,64,45,56,69,64,60,66,64,74,59,54,51,74,59,67,58,65,64,61,57,75,57,54,69,70,3,,1,2,1,1,2,3,3,1,1,1,2,2,2,2,1,1,1,1,1,4,2,1,2,1,4,1,1,2,1,1,3,1,2,1,2,1,1,1,1,2,1,1,1,2,2,1,2,1,1,2,4,4,2,2,0,0,1,0,0,0,11.99,10.01,13.86,"39.405815, -82.127403",29-Mar,,18-May,21-Jun,30-Mar,19-Apr,24-May,28-Jun,26-Mar,24-Apr,23-May,21-Jun,31-Mar,24-Apr,27-May,30-Jun,17-Mar,24-Apr,19-May,22-Jun,18-Mar,22-Apr,18-May,23-Jun,21-Mar,26-Apr,26-May,30-Jun,27-Mar,25-Apr,24-May,25-Jun,29-Mar,23-Apr,21-May,19-Jun,21-Mar,26-Apr,22-May,17-Jun,25-Mar,20-Apr,13-May,17-Jun,16-Mar,19-Apr,18-May,21-Jun,27-Mar,18-Apr,22-May,22-Jun,28-Mar,24-Apr,14-May,27-Jun,24-Mar,17-Apr,March,April,,June,March,April,May,June,March,April,May,June,March,April,May,June,March,April,May,June,March,April,May,June,March,April,May,June,March,April,May,June,March,April,May,June,March,April,May,June,March,April,May,June,March,April,May,June,March,April,May,June,March,April,May,June
12,Rt104Site2,American Toad,3,,1,0,0,0,1,0,2,2,0,0,1,1,1,0,0,2,0,0,0,0,0,0,0,2,0,0,0,0,1,0,0,0,0,0,0,0,0,0,0,0,0,0,0,1,0,0,1,0,0,0,0,0,1,0,151,,58,35,46,55,68,67,63,48,62,101,46,72,46,38,95,54,55,79,66,47,97,84,62,52,58,43,74,38,48,57,65,63,45,50,54,50,50,62,59,50,62,60,75,43,56,59,55,69,51,44,75,47,51,56,62,,68,68,53,56,62,66,69,59,67,70,60,62,58,61,41,65,46,69,40,55,59,77,59,57,65,69,47,53,67,65,46,66,68,62,59,54,64,70,56,53,51,70,54,67,57,67,61,66,56,73,57,56,69,72,3,,1,2,1,1,4,1,2,1,1,2,2,2,2,4,1,1,1,1,1,2,2,1,2,1,2,1,1,4,1,1,1,3,2,1,2,1,1,1,1,2,1,4,1,2,2,1,2,1,1,4,4,4,2,2,1,1,0,1,0,0,45.59,45.59,517.97,"39.419156, -82.144976",29-Mar,,18-May,21-Jun,30-Mar,19-Apr,24-May,28-Jun,26-Mar,24-Apr,23-May,21-Jun,31-Mar,24-Apr,27-May,30-Jun,17-Mar,24-Apr,19-May,22-Jun,18-Mar,22-Apr,18-May,23-Jun,21-Mar,26-Apr,26-May,30-Jun,27-Mar,25-Apr,24-May,25-Jun,29-Mar,23-Apr,21-May,19-Jun,21-Mar,26-Apr,22-May,17-Jun,25-Mar,20-Apr,13-May,17-Jun,16-Mar,19-Apr,18-May,21-Jun,27-Mar,18-Apr,22-May,22-Jun,28-Mar,24-Apr,14-May,27-Jun,24-Mar,17-Apr,March,April,,June,March,April,May,June,March,April,May,June,March,April,May,June,March,April,May,June,March,April,May,June,March,April,May,June,March,April,May,June,March,April,May,June,March,April,May,June,March,April,May,June,March,April,May,June,March,April,May,June,March,April,May,June
13,Rt104Site3,American Toad,3,0,0,0,0,0,0,0,1,2,0,0,0,1,0,0,0,1,0,0,0,0,0,0,0,0,0,0,0,0,0,0,0,0,0,0,0,1,0,0,0,0,0,0,0,0,0,0,2,0,0,0,0,0,0,0,163,8,66,48,60,64,78,80,83,55,87,111,63,85,50,51,114,68,69,92,81,58,108,95,73,61,71,55,88,50,59,64,75,78,56,68,69,60,62,74,74,61,78,79,87,53,67,72,68,79,65,53,88,60,64,72,60,68,70,66,52,53,62,66,60,58,63,70,55,62,58,61,44,62,47,69,41,56,59,77,58,57,66,68,45,53,64,66,40,58,69,62,55,57,62,75,57,55,50,68,49,63,59,64,59,64,54,74,57,54,69,72,3,2,1,2,1,1,2,1,2,1,1,2,2,2,2,4,1,1,1,1,1,2,2,1,2,1,2,1,1,4,1,1,1,2,2,1,2,1,2,1,1,2,1,4,1,2,2,1,2,1,1,4,4,4,2,2,0,1,1,0,0,0,1.07,1.07,174.57,"39.424582, -82.153997",29-Mar,19-Apr,18-May,21-Jun,30-Mar,19-Apr,24-May,28-Jun,26-Mar,24-Apr,23-May,21-Jun,31-Mar,24-Apr,27-May,30-Jun,17-Mar,24-Apr,19-May,22-Jun,18-Mar,22-Apr,18-May,23-Jun,21-Mar,26-Apr,26-May,30-Jun,27-Mar,25-Apr,24-May,25-Jun,29-Mar,23-Apr,21-May,19-Jun,21-Mar,26-Apr,22-May,17-Jun,25-Mar,20-Apr,13-May,17-Jun,16-Mar,19-Apr,18-May,21-Jun,27-Mar,18-Apr,22-May,22-Jun,28-Mar,24-Apr,14-May,27-Jun,24-Mar,17-Apr,March,April,May,June,March,April,May,June,March,April,May,June,March,April,May,June,March,April,May,June,March,April,May,June,March,April,May,June,March,April,May,June,March,April,May,June,March,April,May,June,March,April,May,June,March,April,May,June,March,April,May,June,March,April,May,June
14,Rt104Site4,American Toad,2,0,0,0,0,1,0,0,1,0,0,0,0,1,2,0,0,0,0,0,0,0,0,0,0,3,0,0,0,0,0,0,0,0,0,0,0,0,0,0,0,0,0,0,0,0,0,0,0,0,0,0,0,0,0,0,183,0,78,62,79,81,87,91,113,88,102,123,90,100,65,62,127,81,81,107,97,69,119,106,92,76,83,72,99,58,71,73,98,89,67,78,79,80,74,80,92,75,89,90,100,64,79,84,84,89,82,64,117,75,76,89,66,68,72,71,53,60,61,65,64,62,67,70,58,68,56,61,55,66,51,72,50,60,59,78,58,57,69,68,50,50,68,59,45,61,70,63,59,55,55,75,53,49,50,69,55,58,55,69,61,65,59,72,57,53,69,75,3,2,1,2,1,1,3,2,3,1,1,2,2,2,2,2,1,1,1,1,1,2,2,1,4,1,1,1,1,2,1,1,1,2,2,1,2,1,2,1,1,2,1,2,1,2,2,1,2,1,1,4,2,2,2,4,0,0,1,0,0,0,48.61,48.61,724.94,"39.436336, -82.170298",29-Mar,19-Apr,18-May,21-Jun,30-Mar,19-Apr,24-May,28-Jun,26-Mar,24-Apr,23-May,21-Jun,31-Mar,24-Apr,27-May,30-Jun,17-Mar,24-Apr,19-May,22-Jun,18-Mar,22-Apr,18-May,23-Jun,21-Mar,26-Apr,26-May,30-Jun,27-Mar,25-Apr,24-May,25-Jun,29-Mar,23-Apr,21-May,19-Jun,21-Mar,26-Apr,22-May,17-Jun,25-Mar,20-Apr,13-May,17-Jun,16-Mar,19-Apr,18-May,21-Jun,27-Mar,18-Apr,22-May,22-Jun,28-Mar,24-Apr,14-May,27-Jun,24-Mar,17-Apr,March,April,May,June,March,April,May,June,March,April,May,June,March,April,May,June,March,April,May,June,March,April,May,June,March,April,May,June,March,April,May,June,March,April,May,June,March,April,May,June,March,April,May,June,March,April,May,June,March,April,May,June,March,April,May,June
15,Rt104Site5,American Toad,0,0,0,0,0,0,0,0,1,0,0,0,0,0,0,0,0,1,0,0,0,0,0,0,1,0,0,0,0,0,0,0,0,0,0,0,3,0,0,0,0,0,0,0,0,1,0,0,2,0,0,0,0,0,0,0,203,15,94,84,107,105,113,118,143,108,122,139,111,125,86,81,150,100,98,130,116,86,81,128,112,102,101,99,125,80,96,109,114,113,85,99,97,100,101,102,114,97,114,114,120,85,102,107,112,109,103,82,135,95,96,111,63,68,67,66,47,50,52,63,57,54,59,68,54,59,57,60,45,57,45,66,35,53,60,76,57,53,62,67,41,50,62,59,40,56,70,54,55,53,58,72,47,48,48,68,46,61,54,56,55,56,51,72,57,54,67,70,3,2,1,2,1,1,1,4,3,1,1,2,1,1,2,4,1,1,1,1,1,2,2,1,4,1,1,1,1,4,1,1,1,2,2,1,2,1,2,1,1,2,1,2,1,2,2,1,2,1,1,4,4,2,2,4,0,0,1,0,0,0,27.36,27.36,202.09,"39.432180, -82.129902",29-Mar,19-Apr,18-May,21-Jun,30-Mar,19-Apr,24-May,28-Jun,26-Mar,24-Apr,23-May,21-Jun,31-Mar,24-Apr,27-May,30-Jun,17-Mar,24-Apr,19-May,22-Jun,18-Mar,22-Apr,18-May,23-Jun,21-Mar,26-Apr,26-May,30-Jun,27-Mar,25-Apr,24-May,25-Jun,29-Mar,23-Apr,21-May,19-Jun,21-Mar,26-Apr,22-May,17-Jun,25-Mar,20-Apr,13-May,17-Jun,16-Mar,19-Apr,18-May,21-Jun,27-Mar,18-Apr,22-May,22-Jun,28-Mar,24-Apr,14-May,27-Jun,24-Mar,17-Apr,March,April,May,June,March,April,May,June,March,April,May,June,March,April,May,June,March,April,May,June,March,April,May,June,March,April,May,June,March,April,May,June,March,April,May,June,March,April,May,June,March,April,May,June,March,April,May,June,March,April,May,June,March,April,May,June
16,Rt104Site6,American Toad,3,,0,0,0,0,0,0,2,1,0,0,0,0,0,0,0,2,0,0,0,0,0,0,0,3,0,0,0,0,0,0,0,0,0,0,0,0,0,0,0,0,0,0,0,1,0,0,3,0,0,0,0,0,0,0,213,,104,98,117,116,120,130,153,123,134,146,127,136,96,89,161,110,107,139,129,96,87,134,122,114,115,108,134,98,108,128,121,122,103,110,105,110,110,106,124,92,126,130,130,96,110,118,149,126,111,100,147,106,106,124,63,,58,68,47,51,55,62,60,57,63,70,56,61,57,60,48,60,48,66,43,55,60,75,57,56,64,67,46,53,66,59,42,57,70,58,58,55,60,68,50,51,49,69,48,64,54,62,63,63,54,72,57,53,68,70,1,,1,2,1,1,1,4,3,1,1,2,1,1,2,2,1,1,1,1,1,2,2,1,2,1,1,1,1,4,1,1,3,2,2,1,2,1,2,1,1,2,1,2,1,2,2,1,2,1,1,4,4,2,2,4,0,1,1,0,0,0,2.11,2.11,118.45,"39.426368, -82.123833",29-Mar,,18-May,21-Jun,30-Mar,19-Apr,24-May,28-Jun,26-Mar,24-Apr,23-May,21-Jun,31-Mar,24-Apr,27-May,30-Jun,17-Mar,24-Apr,19-May,22-Jun,18-Mar,22-Apr,18-May,23-Jun,21-Mar,26-Apr,26-May,30-Jun,27-Mar,25-Apr,24-May,25-Jun,29-Mar,23-Apr,21-May,19-Jun,21-Mar,26-Apr,22-May,17-Jun,25-Mar,20-Apr,13-May,17-Jun,16-Mar,19-Apr,18-May,21-Jun,27-Mar,18-Apr,22-May,22-Jun,28-Mar,24-Apr,14-May,27-Jun,24-Mar,17-Apr,March,April,,June,March,April,May,June,March,April,May,June,March,April,May,June,March,April,May,June,March,April,May,June,March,April,May,June,March,April,May,June,March,April,May,June,March,April,May,June,March,April,May,June,March,April,May,June,March,April,May,June,March,April,May,June
17,Rt104Site7,American Toad,3,0,0,0,0,0,0,0,3,2,0,0,1,0,1,0,0,2,0,0,0,0,0,0,1,0,0,0,0,0,0,0,0,0,0,0,0,0,0,0,0,0,0,0,1,0,0,0,3,0,0,0,0,0,0,0,228,42,115,112,127,131,134,143,168,130,149,161,144,150,109,104,173,123,119,151,139,107,105,152,136,126,131,137,148,112,121,131,138,138,111,134,112,125,126,121,137,122,142,148,144,108,127,131,164,140,128,114,164,121,118,157,59,68,60,68,51,55,54,61,56,58,60,68,58,58,57,60,44,56,45,65,40,52,60,75,57,55,65,68,44,50,63,57,40,55,71,58,54,55,60,68,49,54,47,68,48,56,52,62,63,67,54,71,58,53,68,69,1,2,1,2,1,1,3,4,3,1,1,2,1,1,2,2,1,1,1,1,1,2,2,1,1,1,1,1,1,2,1,1,3,2,2,1,2,1,2,1,1,2,1,4,2,2,2,1,2,1,1,4,4,2,2,2,0,0,0,0,0,1,20.55,3.76,69.98,"39.429520, -82.109076",29-Mar,19-Apr,18-May,21-Jun,30-Mar,19-Apr,24-May,28-Jun,26-Mar,24-Apr,23-May,21-Jun,31-Mar,24-Apr,27-May,30-Jun,17-Mar,24-Apr,19-May,22-Jun,18-Mar,22-Apr,18-May,23-Jun,21-Mar,26-Apr,26-May,30-Jun,27-Mar,25-Apr,24-May,25-Jun,29-Mar,23-Apr,21-May,19-Jun,21-Mar,26-Apr,22-May,17-Jun,25-Mar,20-Apr,13-May,17-Jun,16-Mar,19-Apr,18-May,21-Jun,27-Mar,18-Apr,22-May,22-Jun,28-Mar,24-Apr,14-May,27-Jun,24-Mar,17-Apr,March,April,May,June,March,April,May,June,March,April,May,June,March,April,May,June,March,April,May,June,March,April,May,June,March,April,May,June,March,April,May,June,March,April,May,June,March,April,May,June,March,April,May,June,March,April,May,June,March,April,May,June,March,April,May,June
18,Rt104Site8,American Toad,3,0,0,0,0,0,0,0,0,0,0,0,0,0,0,0,0,0,0,0,0,0,0,0,0,0,0,0,0,0,0,0,0,0,0,0,0,0,0,0,0,0,0,0,0,0,0,0,0,0,0,0,0,0,0,0,243,49,142,136,142,87,150,156,209,153,166,199,169,164,127,119,190,139,133,167,152,125,115,172,152,139,144,154,167,127,134,147,149,153,126,147,125,141,144,137,148,135,155,171,157,122,140,144,180,155,142,127,183,141,138,174,58,68.9,64,67,48,50,56,61,58,58,62,75,64,59,55,60,58,55,48,65,38,53,58,75,57,57,65,65,45,56,68,61,45,58,71,56,52,54,60,70,53,58,50,69,49,66,54,65,65,69,51,73,56,53,68,69,1,2,1,2,1,1,2,4,3,1,1,2,1,1,2,2,1,1,1,1,1,2,2,1,2,1,2,1,1,2,1,1,3,2,2,1,2,1,2,1,1,2,1,4,2,2,2,1,2,2,1,2,4,2,2,2,0,1,0,0,0,0,0,0,21.56,"39.439773, -82.074103",29-Mar,19-Apr,18-May,21-Jun,30-Mar,19-Apr,24-May,28-Jun,26-Mar,24-Apr,23-May,21-Jun,31-Mar,24-Apr,27-May,30-Jun,17-Mar,24-Apr,19-May,22-Jun,18-Mar,22-Apr,18-May,23-Jun,21-Mar,26-Apr,26-May,30-Jun,27-Mar,25-Apr,24-May,25-Jun,29-Mar,23-Apr,21-May,19-Jun,21-Mar,26-Apr,22-May,17-Jun,25-Mar,20-Apr,13-May,17-Jun,16-Mar,19-Apr,18-May,21-Jun,27-Mar,18-Apr,22-May,22-Jun,28-Mar,24-Apr,14-May,27-Jun,24-Mar,17-Apr,March,April,May,June,March,April,May,June,March,April,May,June,March,April,May,June,March,April,May,June,March,April,May,June,March,April,May,June,March,April,May,June,March,April,May,June,March,April,May,June,March,April,May,June,March,April,May,June,March,April,May,June,March,April,May,June
19,Rt104Site9,American Toad,0,,0,0,0,0,0,0,0,0,0,0,0,0,0,0,0,0,0,0,0,0,0,0,0,0,,0,0,0,0,0,0,0,0,0,0,0,0,0,0,0,0,0,0,0,0,0,0,0,0,0,0,0,0,0,258,,165,145,157,97,158,165,218,155,174,209,183,173,136,127,199,153,145,178,152,128,121,178,157,147,,161,171,136,142,154,154,161,129,152,135,149,150,142,154,14,162,188,167,132,149,149,188,164,148,134,198,154,156,187,60,,62,71,55,52,57,61,65,59,63,70,60,66,58,59,54,65,66,66,38,46,54,77,58,58,,65,52,50,68,58,45,60,71,57,63,51,60,70,53,48,46,70,50,64,53,65,63,68,56,71,58,53,67,69,1,,1,2,1,1,3,4,3,1,1,2,1,1,2,2,1,1,1,1,1,1,2,1,2,1,,1,1,4,1,1,3,3,2,1,2,1,2,1,1,2,1,4,2,2,2,1,4,2,1,2,2,2,2,2,0,0,1,0,0,0,9.75,9.75,285.38,"39.452149, -82.074235",29-Mar,,18-May,21-Jun,30-Mar,19-Apr,24-May,28-Jun,26-Mar,24-Apr,23-May,21-Jun,31-Mar,24-Apr,27-May,30-Jun,17-Mar,24-Apr,19-May,22-Jun,18-Mar,22-Apr,18-May,23-Jun,21-Mar,26-Apr,,30-Jun,27-Mar,25-Apr,24-May,25-Jun,29-Mar,23-Apr,21-May,19-Jun,21-Mar,26-Apr,22-May,17-Jun,25-Mar,20-Apr,13-May,17-Jun,16-Mar,19-Apr,18-May,21-Jun,27-Mar,18-Apr,22-May,22-Jun,28-Mar,24-Apr,14-May,27-Jun,24-Mar,17-Apr,March,April,,June,March,April,May,June,March,April,May,June,March,April,May,June,March,April,May,June,March,April,May,June,March,April,,June,March,April,May,June,March,April,May,June,March,April,May,June,March,April,May,June,March,April,May,June,March,April,May,June,March,April,May,June
20,Rt104Site10,American Toad,3,,0,0,0,0,0,0,2,0,0,0,0,0,0,0,0,1,0,0,0,0,1,0,1,0,,0,0,0,0,0,0,0,0,0,0,0,0,0,0,0,0,0,0,0,0,0,0,0,0,0,0,0,0,0,273,,126,158,171,109,169,184,223,162,184,219,197,182,145,138,213,166,155,190,171,145,139,196,170,161,,171,184,153,154,166,168,173,135,164,142,160,162,154,162,157,174,201,178,149,157,162,202,176,159,143,214,168,168,200,62,,62,69,49,53,57,64,55,59,65,70,59.5,62,58,60,44,60,53,66,40,56,58,75,57,55,,66,46,51,66,60,45,55,70,57,54,51,61,72,54,54,55,71,48,59,53,64,63,68,53,74,58,53,68,70,1,,1,2,1,1,1,4,3,1,1,2,1,1,4,2,1,1,1,1,1,1,2,1,2,1,,1,1,4,1,1,2,1,2,1,2,1,2,1,1,2,1,4,2,2,2,1,4,2,1,2,2,2,2,2,0,1,0,0,1,0,41.91,41.91,27.62,"39.455659, -82.102084",29-Mar,,18-May,21-Jun,30-Mar,19-Apr,24-May,28-Jun,26-Mar,24-Apr,23-May,21-Jun,31-Mar,24-Apr,27-May,30-Jun,17-Mar,24-Apr,19-May,22-Jun,18-Mar,22-Apr,18-May,23-Jun,21-Mar,26-Apr,,30-Jun,27-Mar,25-Apr,24-May,25-Jun,29-Mar,23-Apr,21-May,19-Jun,21-Mar,26-Apr,22-May,17-Jun,25-Mar,20-Apr,13-May,17-Jun,16-Mar,19-Apr,18-May,21-Jun,27-Mar,18-Apr,22-May,22-Jun,28-Mar,24-Apr,14-May,27-Jun,24-Mar,17-Apr,March,April,,June,March,April,May,June,March,April,May,June,March,April,May,June,March,April,May,June,March,April,May,June,March,April,,June,March,April,May,June,March,April,May,June,March,April,May,June,March,April,May,June,March,April,May,June,March,April,May,June,March,April,May,June
21,Rt119Site1,American Toad,0,0,0,0,0,0,0,0,0,3,0,0,0,0,0,0,0,0,0,0,0,0,0,0,0,1,0,0,0,0,0,0,0,0,0,,0,1,0,0,0,0,0,0,0,3,1,0,0,1,0,0,0,0,0,0,47,117,37,38,25,33,49,109,75,47,59,81,49,62,29,19,67,33,34,66,54,18,80,57,44,35,70,29,51,27,31,60,50,44,36,,42,32,39,48,42,29,45,44,46,27,36,34,38,54,33,29,32,31,30,42,54,69.8,63,68,64,60,67,71,64,60,66,71,60,67,58,63,50,64,55,71,47,47,57,78,60,59,64,68,61,54,70,65,45,62,75,,55,68,65,72,57,55,50,69,56,64,56,69,62,65,57,75,61,54,72,71,1,2,1,1,1,1,2,1,1,1,1,3,2,2,2,4,1,1,1,1,1,1,3,1,2,2,4,2,1,2,1,1,1,1,2,,2,1,2,1,1,2,1,2,1,1,2,1,2,1,1,2,4,4,2,2,0,1,1,0,0,0,10.09,10.09,70.39,"39.478561, -82.203009",29-Mar,19-Apr,18-May,20-Jun,30-Mar,19-Apr,24-May,01-Jul,26-Mar,24-Apr,23-May,21-Jun,31-Mar,24-Apr,27-May,30-Jun,17-Mar,24-Apr,19-May,22-Jun,18-Mar,22-Apr,18-May,23-Jun,21-Mar,26-Apr,26-May,30-Jun,03-Apr,25-Apr,24-May,25-Jun,29-Mar,23-Apr,21-May,,21-Mar,21-Apr,22-May,17-Jun,25-Mar,20-Apr,13-May,17-Jun,16-Mar,19-Apr,18-May,21-Jun,27-Mar,18-Apr,22-May,22-Jun,28-Mar,24-Apr,14-May,27-Jun,24-Mar,17-Apr,March,April,May,June,March,April,May,June,March,April,May,June,March,April,May,June,March,April,May,June,March,April,May,June,March,April,May,June,March,April,May,June,March,April,May,,March,April,May,June,March,April,May,June,March,April,May,June,March,April,May,June,March,April,May,June
22,Rt119Site2,American Toad,0,0,0,0,0,0,0,0,0,0,0,0,0,0,0,0,0,0,0,0,0,0,0,0,0,0,0,0,0,0,0,0,0,0,0,,0,0,0,0,0,1,0,0,0,0,0,0,0,0,0,0,0,0,0,0,69,72,84,53,53,51,62,129,104,62,77,99,75,78,45,37,89,57,55,90,97,61,98,75,63,52,80,44,69,42,39,74,70,69,58,,65,57,60,70,62,45,62,57,62,43,54,48,60,70,50,42,48,48,47,59,51,65,58,68,64,62,67,71,63,60,67,73,55,65,58,61,47.5,63.5,52,69,45,59,61,76,58,60,64,65,61,55,70,60,44,61,73,,51,64,60,72,54,54,55,72,50,58,54,70,61,62,57,74,60,54,69,70,1,2,1,1,1,1,2,1,1,1,1,3,2,2,2,4,1,1,1,1,1,2,2,1,2,1,2,2,1,2,1,1,1,1,2,,2,1,2,1,1,2,1,4,1,1,2,1,2,1,1,4,4,4,2,2,1,1,0,0,0,0,24.83,24.83,71.31,"39.506164,-82.219003",29-Mar,19-Apr,18-May,20-Jun,30-Mar,19-Apr,24-May,01-Jul,26-Mar,24-Apr,23-May,21-Jun,31-Mar,24-Apr,27-May,30-Jun,17-Mar,24-Apr,19-May,22-Jun,18-Mar,22-Apr,18-May,23-Jun,21-Mar,26-Apr,26-May,30-Jun,03-Apr,25-Apr,24-May,25-Jun,29-Mar,23-Apr,21-May,,21-Mar,21-Apr,22-May,17-Jun,25-Mar,20-Apr,13-May,17-Jun,16-Mar,19-Apr,18-May,21-Jun,27-Mar,18-Apr,22-May,22-Jun,28-Mar,24-Apr,14-May,27-Jun,24-Mar,17-Apr,March,April,May,June,March,April,May,June,March,April,May,June,March,April,May,June,March,April,May,June,March,April,May,June,March,April,May,June,March,April,May,June,March,April,May,,March,April,May,June,March,April,May,June,March,April,May,June,March,April,May,June,March,April,May,June
23,Rt119Site3,American Toad,0,3,0,0,0,0,0,0,3,3,0,0,0,3,0,0,0,2,0,0,0,0,0,0,0,1,0,0,0,0,0,0,0,0,0,,0,1,0,0,0,3,0,0,0,0,0,0,0,0,0,0,0,0,0,0,86,97,93,63,60,54,68,140,119,77,85,109,94,89,56,48,98,67,64,100,84,48,114,92,77,60,95,59,81,51,47,92,80,81,70,,75,71,72,85,71,55,76,70,72,54,64,56,76,86,64,51,58,60,56,72,50,62,62,67,58,58,65,70,61,56,63,72,60,63,57,62,45,63,50,73,40,40,51,73,58,57,64,65,52,50,67,60,42,63,72,,51,64,60,72,50,51,48,68,50,56,54,65,59,61,56,74,61,54,69,74,1,2,1,1,1,1,2,1,1,1,1,3,2,2,2,4,1,1,1,1,1,1,2,1,2,1,2,2,1,4,1,1,1,2,2,,2,1,2,1,1,2,1,4,1,1,2,1,2,1,1,4,4,4,2,2,1,0,1,0,0,0,71.46,51.27,317.85,"39.294927, -82.131508",29-Mar,19-Apr,18-May,20-Jun,30-Mar,19-Apr,24-May,01-Jul,26-Mar,24-Apr,23-May,21-Jun,31-Mar,24-Apr,27-May,30-Jun,17-Mar,24-Apr,19-May,22-Jun,18-Mar,22-Apr,18-May,23-Jun,21-Mar,26-Apr,26-May,30-Jun,03-Apr,25-Apr,24-May,25-Jun,29-Mar,23-Apr,21-May,,21-Mar,21-Apr,22-May,17-Jun,25-Mar,20-Apr,13-May,17-Jun,16-Mar,19-Apr,18-May,21-Jun,27-Mar,18-Apr,22-May,22-Jun,28-Mar,24-Apr,14-May,27-Jun,24-Mar,17-Apr,March,April,May,June,March,April,May,June,March,April,May,June,March,April,May,June,March,April,May,June,March,April,May,June,March,April,May,June,March,April,May,June,March,April,May,,March,April,May,June,March,April,May,June,March,April,May,June,March,April,May,June,March,April,May,June
24,Rt119Site4,American Toad,0,0,0,0,0,0,0,0,3,2,0,0,0,3,0,0,0,3,0,0,0,0,0,0,0,1,0,0,0,0,0,0,0,0,2,,0,1,0,0,0,3,0,0,0,0,0,0,0,0,0,0,0,0,0,0,100,116,110,81,76,69,88,159,138,102,104,130,107,107,72,67,120,92,84,122,126,90,146,114,102,79,115,77,107,67,61,110,106,104,85,,91,90,87,105,87,72,94,87,87,67,79,72,92,103,80,69,92,76,79,72,47,64,57,67,57,56,60,70,58,56,62,68,58,60,59,63,44,60,51,69,43,52,59,75,59,58,64,68,52,51,68,68,48,65,71,,52,63,60,72,50,51,48,67,46,59,51,64,60,65,54,72,57,55,69,73,1,2,1,2,1,1,2,1,1,3,1,3,2,1,2,2,1,1,1,1,1,2,2,1,2,1,2,1,1,4,1,1,1,1,2,,2,2,2,1,1,2,1,4,1,1,2,1,2,1,1,4,4,4,2,4,0,1,1,0,0,0,106.94,13.64,230.29,"39.303389, -82.154122",29-Mar,19-Apr,18-May,20-Jun,30-Mar,19-Apr,24-May,01-Jul,26-Mar,24-Apr,23-May,21-Jun,31-Mar,24-Apr,27-May,30-Jun,17-Mar,24-Apr,19-May,22-Jun,18-Mar,22-Apr,18-May,23-Jun,21-Mar,26-Apr,26-May,30-Jun,03-Apr,25-Apr,24-May,25-Jun,29-Mar,23-Apr,21-May,,21-Mar,21-Apr,22-May,17-Jun,25-Mar,20-Apr,13-May,17-Jun,16-Mar,19-Apr,18-May,21-Jun,27-Mar,18-Apr,22-May,22-Jun,28-Mar,24-Apr,14-May,27-Jun,24-Mar,17-Apr,March,April,May,June,March,April,May,June,March,April,May,June,March,April,May,June,March,April,May,June,March,April,May,June,March,April,May,June,March,April,May,June,March,April,May,,March,April,May,June,March,April,May,June,March,April,May,June,March,April,May,June,March,April,May,June
25,Rt119Site5,American Toad,0,0,0,0,0,0,0,0,0,0,0,0,0,0,0,0,0,0,0,0,0,0,0,0,0,0,0,0,0,0,0,0,0,0,0,,0,0,0,0,0,0,0,0,0,0,0,0,,,,,,,,,122,127,120,93,89,81,102,174,154,110,120,142,127,117,82,82,140,107,95,135,143,107,166,134,112,88,125,85,120,83,74,127,119,124,97,,97,105,103,115,96,81,105,97,97,80,95,81,,,,,,,,,47,65,60,68,50,57,59,70,58,56,64,72,60,61,59,63,44,58.5,49,71,45,50,60,74,58,57,62,67,55,51,68,68,48,60,75,,52,63.5,60.5,72,50,51,49.5,67.5,46.5,58.5,51.5,64,,,,,,,,,1,2,1,2,1,1,2,1,1,3,1,3,2,1,4,2,1,1,1,1,1,3,2,1,2,1,2,1,1,4,1,1,1,1,2,,2,2,2,1,1,2,1,2,1,1,2,1,,,,,,,,,0,1,0,0,0,0,11.62,11.62,871.26,"39.511034, -82.272489",29-Mar,19-Apr,18-May,20-Jun,30-Mar,19-Apr,24-May,01-Jul,26-Mar,24-Apr,23-May,21-Jun,31-Mar,24-Apr,27-May,30-Jun,17-Mar,24-Apr,19-May,22-Jun,18-Mar,22-Apr,18-May,23-Jun,21-Mar,26-Apr,26-May,30-Jun,03-Apr,25-Apr,24-May,25-Jun,29-Mar,23-Apr,21-May,,21-Mar,21-Apr,22-May,17-Jun,25-Mar,20-Apr,13-May,17-Jun,16-Mar,19-Apr,18-May,21-Jun,,,,,,,,,24-Mar,17-Apr,March,April,May,June,March,April,May,June,March,April,May,June,March,April,May,June,March,April,May,June,March,April,May,June,March,April,May,June,March,April,May,June,March,April,May,,March,April,May,June,March,April,May,June,March,April,May,June,,,,,,,,
26,Rt119Site6,American Toad,0,1,0,0,0,0,1,0,0,3,0,0,0,0,0,0,0,3,0,0,0,0,0,0,0,0,0,0,0,0,0,0,0,0,0,,0,0,0,0,3,3,0,0,0,0,1,0,0,0,0,0,0,0,0,0,137,143,130,104,103,89,114,104,179,122,131,154,139,72,97,94,151,117,104,149,156,120,184,152,126,98,137,105,134,92,84,138,129,131,105,,109,114,107,122,104,92,113,105,106,88,105,89,111,123,97,89,91,95,109,108,47,67,57,67,56,55,56,73,58,56,64,68,55,58,56,62,44,57,49,69,43,50,58,75,57,60,63,65,54,51,65,58,48,60,70,,52,64,61,69,50,51,51,68,47,58,52,64,58,64,54,71,63,53,69,75,1,2,1,2,1,1,2,1,1,3,1,1,1,1,2,2,1,1,1,1,1,3,2,1,2,1,1,1,1,4,1,1,1,1,2,,2,2,2,1,1,2,1,2,1,1,2,1,2,1,1,2,2,4,2,4,0,1,1,0,0,0,39.68,39.68,16.87,"39.544516, -82.271167",29-Mar,19-Apr,18-May,20-Jun,30-Mar,19-Apr,24-May,01-Jul,26-Mar,24-Apr,23-May,21-Jun,31-Mar,24-Apr,27-May,30-Jun,17-Mar,24-Apr,19-May,22-Jun,18-Mar,22-Apr,18-May,23-Jun,21-Mar,26-Apr,26-May,30-Jun,03-Apr,25-Apr,24-May,25-Jun,29-Mar,23-Apr,21-May,,21-Mar,21-Apr,22-May,17-Jun,25-Mar,20-Apr,13-May,17-Jun,16-Mar,19-Apr,18-May,21-Jun,27-Mar,18-Apr,22-May,22-Jun,28-Mar,24-Apr,14-May,27-Jun,24-Mar,17-Apr,March,April,May,June,March,April,May,June,March,April,May,June,March,April,May,June,March,April,May,June,March,April,May,June,March,April,May,June,March,April,May,June,March,April,May,,March,April,May,June,March,April,May,June,March,April,May,June,March,April,May,June,March,April,May,June
27,Rt119Site7,American Toad,0,0,0,0,0,0,0,0,0,3,0,0,0,0,1,0,0,1,0,0,0,0,0,0,0,1,1,0,1,0,0,0,0,0,0,,0,1,0,0,0,0,0,0,0,1,0,0,0,1,0,0,0,0,0,0,149,148,141,120,113,100,127,119,199,77,144,168,155,84,109,131,167,147,116,165,171,135,196,164,139,113,154,119,154,104,96,148,138,146,117,,126,128,119,135,117,105,126,110,118,101,122,105,126,135,111,100,109,108,116,121,45,64,57,66,55,64,58,74,57,56,65,68,50,58,53,65,44,60,48,68,43,51,58,74,59,57,62,65,51,51,65,60,48,59,71,,51,64,61,68,49,51,52,71,47,55,51,67,61,62,54,73,59,54,66,73,1,2,1,2,1,1,2,1,1,3,1,1,1,1,2,2,1,1,1,1,1,3,2,1,2,1,2,1,1,2,1,1,1,1,2,,2,1,2,1,1,2,1,4,1,1,2,1,2,1,1,4,2,4,2,2,0,1,0,0,1,0,23.54,23.54,46.74,"39.546778, -82.261705",29-Mar,19-Apr,18-May,20-Jun,30-Mar,19-Apr,24-May,01-Jul,26-Mar,24-Apr,23-May,21-Jun,31-Mar,24-Apr,27-May,30-Jun,17-Mar,24-Apr,19-May,22-Jun,18-Mar,22-Apr,18-May,23-Jun,21-Mar,26-Apr,26-May,30-Jun,03-Apr,25-Apr,24-May,25-Jun,29-Mar,23-Apr,21-May,,21-Mar,21-Apr,22-May,17-Jun,25-Mar,20-Apr,13-May,17-Jun,16-Mar,19-Apr,18-May,21-Jun,27-Mar,18-Apr,22-May,22-Jun,28-Mar,24-Apr,14-May,27-Jun,24-Mar,17-Apr,March,April,May,June,March,April,May,June,March,April,May,June,March,April,May,June,March,April,May,June,March,April,May,June,March,April,May,June,March,April,May,June,March,April,May,,March,April,May,June,March,April,May,June,March,April,May,June,March,April,May,June,March,April,May,June
28,Rt119Site8,American Toad,0,0,0,0,0,0,0,0,0,0,0,0,0,0,0,0,0,0,0,0,0,0,0,0,0,1,0,,0,0,0,0,0,0,0,,0,1,0,0,0,1,0,0,0,0,0,0,2,0,0,0,0,0,0,0,156,162,158,128,128,103,135,129,149,85,160,177,174,93,118,143,173,158,125,177,179,143,206,174,150,126,167,,158,111,101,158,145,152,126,,136,135,126,145,129,116,134,121,128,109,132,112,134,148,121,108,124,123,124,132,44,64.5,58,66,48,62,57,73,55,55,63,68,50,59,54,63,44,58,49,69,43,50,58,74,59,57,62,,55,51,64,64,48,57,70,,49,61,62,72,49,51,45,71,49,59,54,65,59,64,55,71,55,54,70,72,1,2,1,2,1,1,2,1,1,1,1,2,1,1,2,2,1,1,1,1,1,3,2,1,2,1,2,,1,2,1,1,1,1,2,,2,2,2,1,1,2,1,4,1,1,2,1,2,2,1,2,2,2,2,2,0,1,1,0,1,0,2.99,2.99,101.84,"39.552289, -82.258323",29-Mar,19-Apr,18-May,20-Jun,30-Mar,19-Apr,24-May,01-Jul,26-Mar,24-Apr,23-May,21-Jun,31-Mar,24-Apr,27-May,30-Jun,17-Mar,24-Apr,19-May,22-Jun,18-Mar,22-Apr,18-May,23-Jun,21-Mar,26-Apr,26-May,,03-Apr,25-Apr,24-May,25-Jun,29-Mar,23-Apr,21-May,,21-Mar,21-Apr,22-May,17-Jun,25-Mar,20-Apr,13-May,17-Jun,16-Mar,19-Apr,18-May,21-Jun,27-Mar,18-Apr,22-May,22-Jun,28-Mar,24-Apr,14-May,27-Jun,24-Mar,17-Apr,March,April,May,June,March,April,May,June,March,April,May,June,March,April,May,June,March,April,May,June,March,April,May,June,March,April,May,,March,April,May,June,March,April,May,,March,April,May,June,March,April,May,June,March,April,May,June,March,April,May,June,March,April,May,June
29,Rt119Site9,American Toad,0,0,0,0,0,0,0,0,1,3,0,0,0,0,0,0,0,0,0,0,0,0,0,0,0,0,0,0,0,0,0,0,0,0,0,,0,0,0,0,0,0,0,0,0,0,0,0,1,0,0,0,0,0,0,0,170,182,174,142,143,116,148,139,173,97,173,190,141,106,134,155,186,177,138,187,193,157,226,194,169,135,180,135,174,121,109,169,160,170,145,,154,145,141,104,145,135,151,143,141,119,144,123,156,163,138,121,138,137,136,145,47,65,55,66,60,61,58,75,56,59,63,70,50,59,57,63,44,57,51,70,45,51,58,74,57,60,61,64,53,52,69,62,48,57,71,,50,63,61,72,52,52,46,66,50,58,52,63,61,67,56,75,61,56,66,79,1,2,1,2,1,1,2,1,1,1,1,1,1,1,2,2,1,1,1,1,1,3,2,1,2,1,2,1,1,4,1,1,1,1,2,,2,1,2,1,1,1,1,4,2,1,2,1,2,2,1,4,2,2,2,2,0,0,1,0,1,0,26.69,25.53,828.56,"39.312386, -82.153470",29-Mar,19-Apr,18-May,20-Jun,30-Mar,19-Apr,24-May,01-Jul,26-Mar,24-Apr,23-May,21-Jun,31-Mar,24-Apr,27-May,30-Jun,17-Mar,24-Apr,19-May,22-Jun,18-Mar,22-Apr,18-May,23-Jun,21-Mar,26-Apr,26-May,30-Jun,03-Apr,25-Apr,24-May,25-Jun,29-Mar,23-Apr,21-May,,21-Mar,21-Apr,22-May,17-Jun,25-Mar,20-Apr,13-May,17-Jun,16-Mar,19-Apr,18-May,21-Jun,27-Mar,18-Apr,22-May,22-Jun,28-Mar,24-Apr,14-May,27-Jun,24-Mar,17-Apr,March,April,May,June,March,April,May,June,March,April,May,June,March,April,May,June,March,April,May,June,March,April,May,June,March,April,May,June,March,April,May,June,March,April,May,,March,April,May,June,March,April,May,June,March,April,May,June,March,April,May,June,March,April,May,June
30,Rt119Site10,American Toad,0,3,0,0,0,0,0,0,2,3,0,0,0,0,1,0,0,0,0,0,0,0,0,0,0,0,0,0,1,0,0,0,0,0,0,,0,0,0,0,0,0,0,0,0,0,0,0,0,0,0,0,0,0,0,0,178,186,185,150,149,126,157,149,185,110,184,200,147,116,144,165,133,182,145,203,203,167,244,207,184,144,185,144,182,136,115,181,174,179,154,,166,155,151,115,154,144,159,175,148,128,152,133,166,176,148,130,149,146,146,168,47,67,55,66,50,54,55,70,58,55,61,68,50,58,55,62,44,56,46,65,39,49,58,73,59,57,62,62,50,52,67,55,46,58,69,,48,60,58,68,49,51,47,69,45,58,50,61,61,61,54,72,57,55,66,72,1,2,1,2,1,1,1,1,1,1,1,3,1,1,2,2,1,1,1,1,1,3,2,1,2,1,2,1,1,4,1,1,1,1,2,,2,2,2,1,1,1,1,4,2,1,2,1,2,2,1,4,2,2,2,4,1,1,0,1,0,0,3.56,3.56,89.8,"39.523547, -82.248218",29-Mar,19-Apr,18-May,20-Jun,30-Mar,19-Apr,24-May,01-Jul,26-Mar,24-Apr,23-May,21-Jun,31-Mar,24-Apr,27-May,30-Jun,17-Mar,24-Apr,19-May,22-Jun,18-Mar,22-Apr,18-May,23-Jun,21-Mar,26-Apr,26-May,30-Jun,03-Apr,25-Apr,24-May,25-Jun,29-Mar,23-Apr,21-May,,21-Mar,21-Apr,22-May,17-Jun,25-Mar,20-Apr,13-May,17-Jun,16-Mar,19-Apr,18-May,21-Jun,27-Mar,18-Apr,22-May,22-Jun,28-Mar,24-Apr,14-May,27-Jun,24-Mar,17-Apr,March,April,May,June,March,April,May,June,March,April,May,June,March,April,May,June,March,April,May,June,March,April,May,June,March,April,May,June,March,April,May,June,March,April,May,,March,April,May,June,March,April,May,June,March,April,May,June,March,April,May,June,March,April,May,June
